ds,y_ACTUAL,y_PRED,y_MEAN,y_Q10,y_Q90
2025-12-22 00:00:00,418.394,418.589,418.589,414.698,424.281
2025-12-22 00:15:00,432.086,426.318,426.318,420.675,433.716
2025-12-22 00:30:00,425.224,423.342,423.342,418.284,431.02
2025-12-22 00:45:00,418.476,414.974,414.974,409.268,421.826
2025-12-22 01:00:00,406.814,408.388,408.388,403.06,415.33
2025-12-22 01:15:00,395.932,401.351,401.351,394.129,408.072
2025-12-22 01:30:00,391.054,394.139,394.139,387.922,401.21
2025-12-22 01:45:00,384.769,386.759,386.759,379.943,393.366
2025-12-22 02:00:00,378.225,383.116,383.116,376.04,389.654
2025-12-22 02:15:00,370.777,378.157,378.157,371.041,384.881
2025-12-22 02:30:00,367.443,374.238,374.238,367.796,380.121
2025-12-22 02:45:00,365.172,370.453,370.453,363.535,376.981
2025-12-22 03:00:00,362.228,366.683,366.683,359.224,373.605
2025-12-22 03:15:00,359.993,363.166,363.166,356.567,370.499
2025-12-22 03:30:00,358.257,360.792,360.792,353.658,367.592
2025-12-22 03:45:00,356.745,360.415,360.415,351.922,367.34
2025-12-22 04:00:00,355.544,361.513,361.513,352.214,371.677
2025-12-22 04:15:00,355.962,361.09,361.09,351.541,371.811
2025-12-22 04:30:00,355.344,361.292,361.292,350.341,372.629
2025-12-22 04:45:00,358.737,362.384,362.384,350.505,374.856
2025-12-22 05:00:00,363.842,365.363,365.363,353.329,378.294
2025-12-22 05:15:00,364.081,371.635,371.635,357.494,385.87
2025-12-22 05:30:00,371.882,378.775,378.775,364.921,394.366
2025-12-22 05:45:00,378.048,383.685,383.685,368.66,399.752
2025-12-22 06:00:00,382.991,390.309,390.309,374.651,409.897
2025-12-22 06:15:00,394.061,400.494,400.494,383.787,420.51
2025-12-22 06:30:00,413.033,416.264,416.264,397.837,439.962
2025-12-22 06:45:00,440.705,433.528,433.528,411.84,460.891
2025-12-22 07:00:00,452.66,438.737,438.737,413.593,469.101
2025-12-22 07:15:00,451.092,435.549,435.549,409.914,470.495
2025-12-22 07:30:00,437.051,421.934,421.934,395.955,456.658
2025-12-22 07:45:00,420.701,407.716,407.716,380.461,442.47
2025-12-22 08:00:00,404.972,398.765,398.765,374.894,437.524
2025-12-22 08:15:00,396.615,387.986,387.986,360.33,430.057
2025-12-22 08:30:00,372.983,373.537,373.537,341.92,422.09
2025-12-22 08:45:00,355.506,357.372,357.372,319.485,414.953
2025-12-22 09:00:00,343.239,340.798,340.798,299.738,397.465
2025-12-22 09:15:00,320.292,327.171,327.171,285.912,390.293
2025-12-22 09:30:00,297.39,315.641,315.641,272.634,381.774
2025-12-22 09:45:00,275.7,300.46,300.46,255.565,371.991
2025-12-22 10:00:00,268.953,286.2,286.2,240.16,357.652
2025-12-22 10:15:00,262.638,276.851,276.851,230.754,345.701
2025-12-22 10:30:00,256.381,269.252,269.252,222.916,340.49
2025-12-22 10:45:00,237.036,259.319,259.319,212.263,332.352
2025-12-22 11:00:00,213.202,250.997,250.997,203.019,322.225
2025-12-22 11:15:00,222.17,240.178,240.178,188.859,312.84
2025-12-22 11:30:00,231.922,227.528,227.528,179.667,302.572
2025-12-22 11:45:00,227.961,216.408,216.408,170.026,286.131
2025-12-22 12:00:00,206.869,182.096,182.096,144.447,242.857
2025-12-22 12:15:00,201.624,173.747,173.747,137.617,236.376
2025-12-22 12:30:00,190.35,168.477,168.477,131.631,231.537
2025-12-22 12:45:00,197.126,168.776,168.776,134.087,232.479
2025-12-22 13:00:00,185.938,171.895,171.895,140.355,230.963
2025-12-22 13:15:00,184.702,181.415,181.415,146.763,243.689
2025-12-22 13:30:00,203.18,197.048,197.048,163.325,253.721
2025-12-22 13:45:00,218.995,210.702,210.702,178.317,270.658
2025-12-22 14:00:00,239.692,228.768,228.768,197.797,280.812
2025-12-22 14:15:00,251.352,250.961,250.961,222.123,300.268
2025-12-22 14:30:00,273.934,272.664,272.664,244.513,319.764
2025-12-22 14:45:00,303.674,294.105,294.105,265.079,335.917
2025-12-22 15:00:00,331.305,315.455,315.455,290.695,355.316
2025-12-22 15:15:00,363.065,338.131,338.131,313.528,375.306
2025-12-22 15:30:00,382.703,364.953,364.953,341.317,397.682
2025-12-22 15:45:00,405.62,389.599,389.599,367.122,423.378
2025-12-22 16:00:00,425.223,413.763,413.763,391.395,435.656
2025-12-22 16:15:00,454.457,446.539,446.539,425.114,467.048
2025-12-22 16:30:00,483.946,480.316,480.316,459.32,501.755
2025-12-22 16:45:00,510.2,506.143,506.143,488.059,525.138
2025-12-22 17:00:00,529.255,522.72,522.72,505.163,542.032
2025-12-22 17:15:00,542.205,537.22,537.22,519.76,553.896
2025-12-22 17:30:00,551.023,547.518,547.518,530.091,564.085
2025-12-22 17:45:00,564.978,555.129,555.129,539.268,571.42
2025-12-22 18:00:00,572.349,557.696,557.696,542.211,573.066
2025-12-22 18:15:00,569.86,558.826,558.826,543.675,573.636
2025-12-22 18:30:00,565.245,556.272,556.272,540.93,572.746
2025-12-22 18:45:00,558.153,553.146,553.146,538.266,568.063
2025-12-22 19:00:00,551.061,548.744,548.744,533.593,563.587
2025-12-22 19:15:00,546.736,544.507,544.507,529.623,558.812
2025-12-22 19:30:00,534.535,540.426,540.426,524.406,554.728
2025-12-22 19:45:00,531.072,537.794,537.794,522.839,551.924
2025-12-22 20:00:00,522.331,530.342,530.342,517.423,543.158
2025-12-22 20:15:00,525.101,529.485,529.485,516.585,542.324
2025-12-22 20:30:00,521.533,526.377,526.377,512.488,538.693
2025-12-22 20:45:00,515.473,521.471,521.471,508.468,534.669
2025-12-22 21:00:00,512.884,516.757,516.757,503.495,529.874
2025-12-22 21:15:00,515.45,515.191,515.191,501.247,527.53
2025-12-22 21:30:00,514.024,513.086,513.086,499.672,525.43
2025-12-22 21:45:00,507.522,506.768,506.768,493.378,520.133
2025-12-22 22:00:00,505.67,506.273,506.273,493.458,518.887
2025-12-22 22:15:00,509.136,506.488,506.488,492.318,519.613
2025-12-22 22:30:00,500.249,500.021,500.021,487.295,513.161
2025-12-22 22:45:00,487.633,488.203,488.203,475.516,501.152
2025-12-22 23:00:00,471.283,475.138,475.138,462.133,487.697
2025-12-22 23:15:00,455.854,462.779,462.779,449.685,476.823
2025-12-22 23:30:00,442.279,450.441,450.441,438.374,462.754
2025-12-22 23:45:00,434.82,440.052,440.052,427.975,452.729
2025-12-23 00:00:00,423.201,431.728,431.728,422.182,441.96
2025-12-23 00:15:00,435.364,438.605,438.605,428.29,449.662
2025-12-23 00:30:00,429.488,433.243,433.243,424.562,444.17
2025-12-23 00:45:00,420.184,423.982,423.982,415.239,432.961
2025-12-23 01:00:00,413.987,416.128,416.128,408.291,425.48
2025-12-23 01:15:00,405.512,408.443,408.443,399.491,416.997
2025-12-23 01:30:00,399.982,400.868,400.868,392.96,410.041
2025-12-23 01:45:00,392.834,393.433,393.433,385.352,401.902
2025-12-23 02:00:00,386.858,389.734,389.734,381.285,397.79
2025-12-23 02:15:00,383.328,383.803,383.803,375.68,391.773
2025-12-23 02:30:00,379.365,380.065,380.065,372.426,386.806
2025-12-23 02:45:00,373.934,376.211,376.211,368.45,383.634
2025-12-23 03:00:00,373.643,372.329,372.329,364.639,380.178
2025-12-23 03:15:00,369.04,369.243,369.243,362.003,377.418
2025-12-23 03:30:00,364.247,366.407,366.407,358.799,373.97
2025-12-23 03:45:00,362.932,365.389,365.389,356.902,372.898
2025-12-23 04:00:00,362.057,366.055,366.055,354.968,377.679
2025-12-23 04:15:00,362.723,366.272,366.272,354.605,378.863
2025-12-23 04:30:00,363.763,367.084,367.084,354.192,380.328
2025-12-23 04:45:00,365.91,369.222,369.222,355.509,383.593
2025-12-23 05:00:00,367.293,373.101,373.101,358.892,387.786
2025-12-23 05:15:00,373.95,379.936,379.936,364.307,395.559
2025-12-23 05:30:00,379.66,388.658,388.658,372.79,405.176
2025-12-23 05:45:00,387.739,394.381,394.381,378.035,411.352
2025-12-23 06:00:00,393.581,402.64,402.64,384.236,423.552
2025-12-23 06:15:00,404.219,414.059,414.059,394.943,435.446
2025-12-23 06:30:00,420.21,432.774,432.774,410.927,458.164
2025-12-23 06:45:00,446.675,453.032,453.032,426.898,482.788
2025-12-23 07:00:00,452.325,458.733,458.733,428.209,491.795
2025-12-23 07:15:00,453.388,455.946,455.946,424.71,492.433
2025-12-23 07:30:00,444.496,440.136,440.136,409.272,476.458
2025-12-23 07:45:00,423.584,424.095,424.095,391.612,459.718
2025-12-23 08:00:00,411.518,422.159,422.159,385.652,468.21
2025-12-23 08:15:00,413.761,412.117,412.117,370.952,461.839
2025-12-23 08:30:00,400.337,396.063,396.063,350.415,453.344
2025-12-23 08:45:00,388.864,379.359,379.359,326.712,444.516
2025-12-23 09:00:00,364.433,363.055,363.055,305.821,431.466
2025-12-23 09:15:00,329.533,350.509,350.509,291.34,425.664
2025-12-23 09:30:00,301.349,340.405,340.405,279.316,422.016
2025-12-23 09:45:00,288.976,329.65,329.65,266.949,417.632
2025-12-23 10:00:00,275.058,321.218,321.218,255.095,409.828
2025-12-23 10:15:00,257.949,314.845,314.845,248.975,404.837
2025-12-23 10:30:00,253.756,307.249,307.249,241.237,399.377
2025-12-23 10:45:00,234.171,301.467,301.467,232.188,397.085
2025-12-23 11:00:00,209.282,295.142,295.142,226.865,391.998
2025-12-23 11:15:00,206.092,287.274,287.274,216.266,384.164
2025-12-23 11:30:00,187.455,273.933,273.933,207.459,371.226
2025-12-23 11:45:00,168.674,261.798,261.798,198.948,357.513
2025-12-23 12:00:00,160.21,256.852,256.852,186.528,366.807
2025-12-23 12:15:00,167.735,250.714,250.714,181.58,362.71
2025-12-23 12:30:00,164.768,246.94,246.94,175.904,359.033
2025-12-23 12:45:00,165.36,247.337,247.337,177.988,354.082
2025-12-23 13:00:00,184.021,251.019,251.019,185.553,353.455
2025-12-23 13:15:00,201.646,263.555,263.555,194.385,360.848
2025-12-23 13:30:00,178.265,280.055,280.055,213.456,370.112
2025-12-23 13:45:00,195.517,295.798,295.798,231.604,383.361
2025-12-23 14:00:00,207.451,311.718,311.718,248.485,391.692
2025-12-23 14:15:00,225.28,319.539,319.539,262.702,391.641
2025-12-23 14:30:00,243.065,325.849,325.849,273.867,391.919
2025-12-23 14:45:00,263.27,331.517,331.517,283.325,392.524
2025-12-23 15:00:00,282.856,338.389,338.389,294.938,393.516
2025-12-23 15:15:00,303.038,351.975,351.975,312.429,402.176
2025-12-23 15:30:00,335.505,374.123,374.123,340.774,416.432
2025-12-23 15:45:00,364.773,395.487,395.487,367.204,433.43
2025-12-23 16:00:00,400.593,418.227,418.227,392.317,444.7
2025-12-23 16:15:00,437.614,452.528,452.528,427.02,478.793
2025-12-23 16:30:00,477.934,489.647,489.647,464.79,513.61
2025-12-23 16:45:00,510.146,517.269,517.269,495.266,538.325
2025-12-23 17:00:00,527.063,533.517,533.517,514.042,554.515
2025-12-23 17:15:00,541.737,547.594,547.594,529.216,565.908
2025-12-23 17:30:00,548.335,556.581,556.581,538.992,575.018
2025-12-23 17:45:00,566.992,563.644,563.644,547.241,581.525
2025-12-23 18:00:00,577.014,565.827,565.827,549.637,581.909
2025-12-23 18:15:00,573.34,566.119,566.119,550.477,581.959
2025-12-23 18:30:00,570.39,563.826,563.826,548.832,580.204
2025-12-23 18:45:00,563.19,559.663,559.663,544.966,575.632
2025-12-23 19:00:00,554.061,555.544,555.544,540.658,570.837
2025-12-23 19:15:00,550.22,550.609,550.609,535.652,565.429
2025-12-23 19:30:00,540.93,546.014,546.014,529.322,560.58
2025-12-23 19:45:00,534.974,542.81,542.81,527.13,557.647
2025-12-23 20:00:00,530.56,537.685,537.685,522.272,553.719
2025-12-23 20:15:00,530.944,535.377,535.377,519.644,551.596
2025-12-23 20:30:00,525.699,532.47,532.47,515.429,547.869
2025-12-23 20:45:00,523.391,527.262,527.262,511.442,544.261
2025-12-23 21:00:00,521.327,522.202,522.202,505.518,539.071
2025-12-23 21:15:00,516.456,520.084,520.084,502.9,535.844
2025-12-23 21:30:00,516.184,518.684,518.684,501.606,534.326
2025-12-23 21:45:00,508.376,512.91,512.91,495.715,529.599
2025-12-23 22:00:00,509.124,512.429,512.429,496.135,528.366
2025-12-23 22:15:00,512.468,512.994,512.994,495.376,529.292
2025-12-23 22:30:00,505.878,506.253,506.253,490.22,522.424
2025-12-23 22:45:00,491.816,494.947,494.947,478.577,511.292
2025-12-23 23:00:00,477.984,481.44,481.44,464.952,498.752
2025-12-23 23:15:00,466.176,468.018,468.018,450.604,486.062
2025-12-23 23:30:00,451.999,455.095,455.095,439.42,471.253
2025-12-23 23:45:00,437.485,443.392,443.392,427.369,460.121
2025-12-24 00:00:00,429.125,435.667,435.667,424.217,448.445
2025-12-24 00:15:00,441.036,441.816,441.816,429.419,455.233
2025-12-24 00:30:00,437.142,435.926,435.926,425.27,449.121
2025-12-24 00:45:00,428.404,426.41,426.41,415.895,437.507
2025-12-24 01:00:00,417.354,418.513,418.513,408.921,429.924
2025-12-24 01:15:00,411.094,409.76,409.76,399.171,420.26
2025-12-24 01:30:00,403.513,401.81,401.81,392.318,413.194
2025-12-24 01:45:00,398.939,394.218,394.218,384.558,404.341
2025-12-24 02:00:00,394.371,390.5,390.5,380.751,400.368
2025-12-24 02:15:00,390.882,384.674,384.674,375.002,394.344
2025-12-24 02:30:00,384.912,380.918,380.918,372.261,389.185
2025-12-24 02:45:00,383.524,377.022,377.022,368.206,386.049
2025-12-24 03:00:00,377.921,373.457,373.457,364.256,382.882
2025-12-24 03:15:00,376.488,370.378,370.378,361.813,380.072
2025-12-24 03:30:00,373.667,367.42,367.42,358.66,376.36
2025-12-24 03:45:00,370.833,366.155,366.155,356.483,375.365
2025-12-24 04:00:00,368.804,369.781,369.781,356.799,383.741
2025-12-24 04:15:00,370.789,369.664,369.664,356.197,384.022
2025-12-24 04:30:00,370.167,370.058,370.058,355.699,385.037
2025-12-24 04:45:00,371.398,372.465,372.465,356.638,388.747
2025-12-24 05:00:00,372.533,375.974,375.974,359.989,392.308
2025-12-24 05:15:00,383.476,382.612,382.612,364.704,400.261
2025-12-24 05:30:00,387.001,391.003,391.003,373.357,409.996
2025-12-24 05:45:00,395.352,396.828,396.828,378.122,415.983
2025-12-24 06:00:00,405.462,405.027,405.027,384.666,428.195
2025-12-24 06:15:00,419.03,415.756,415.756,394.817,439.498
2025-12-24 06:30:00,432.17,433.786,433.786,410.099,461.902
2025-12-24 06:45:00,458.296,453.856,453.856,425.806,487.479
2025-12-24 07:00:00,467.189,459.789,459.789,426.713,498.48
2025-12-24 07:15:00,461.759,457.342,457.342,423.519,499.912
2025-12-24 07:30:00,444.862,443.096,443.096,408.636,486.825
2025-12-24 07:45:00,419.766,427.879,427.879,392.996,470.873
2025-12-24 08:00:00,400.292,425.16,425.16,381.535,477.184
2025-12-24 08:15:00,386.15,415.92,415.92,365.777,471.793
2025-12-24 08:30:00,362.626,399.434,399.434,344.774,464.227
2025-12-24 08:45:00,332.877,380.597,380.597,320.165,451.521
2025-12-24 09:00:00,309.905,362.23,362.23,297.527,437.016
2025-12-24 09:15:00,293.751,340.08,340.08,274.249,423.473
2025-12-24 09:30:00,274.084,321.188,321.188,254.348,412.966
2025-12-24 09:45:00,257.49,301.766,301.766,235.547,399.357
2025-12-24 10:00:00,243.124,285.798,285.798,220.164,387.1
2025-12-24 10:15:00,233.235,273.5,273.5,211.989,373.793
2025-12-24 10:30:00,236.812,270.064,270.064,208.23,369.788
2025-12-24 10:45:00,240.389,268.846,268.846,204.045,371.448
2025-12-24 11:00:00,243.966,269.91,269.91,201.366,372.286
2025-12-24 11:15:00,247.543,267.335,267.335,197.182,371.943
2025-12-24 11:30:00,251.121,260.362,260.362,191.504,366.815
2025-12-24 11:45:00,254.698,252.62,252.62,185.373,360.227
2025-12-24 12:00:00,258.275,271.376,271.376,182.812,411.555
2025-12-24 12:15:00,261.852,272.317,272.317,181.219,407.94
2025-12-24 12:30:00,265.429,271.497,271.497,179.606,407.602
2025-12-24 12:45:00,269.006,278.188,278.188,188.986,408.033
2025-12-24 13:00:00,272.583,284.519,284.519,199.988,406.237
2025-12-24 13:15:00,276.16,293.452,293.452,209.57,404.951
2025-12-24 13:30:00,279.737,307.744,307.744,227.588,411.11
2025-12-24 13:45:00,283.314,320.235,320.235,245.606,414.697
2025-12-24 14:00:00,286.892,332.424,332.424,260.488,414.756
2025-12-24 14:15:00,290.469,342.476,342.476,278.772,415.187
2025-12-24 14:30:00,294.046,351.825,351.825,294.533,417.684
2025-12-24 14:45:00,297.623,362.263,362.263,307.414,421.496
2025-12-24 15:00:00,301.2,371.857,371.857,321.192,427.984
2025-12-24 15:15:00,304.777,381.564,381.564,335.954,432.04
2025-12-24 15:30:00,308.354,396.612,396.612,355.787,442.987
2025-12-24 15:45:00,311.931,410.29,410.29,375.358,452.712
2025-12-24 16:00:00,315.508,436.237,436.237,375.07,495.308
2025-12-24 16:15:00,319.086,453.618,453.618,391.85,511.944
2025-12-24 16:30:00,322.663,475.385,475.385,406.633,532.812
2025-12-24 16:45:00,326.24,491.071,491.071,423.755,546.078
2025-12-24 17:00:00,329.817,502.393,502.393,431.963,553.489
2025-12-24 17:15:00,333.394,511.7,511.7,439.316,562.734
2025-12-24 17:30:00,336.971,516.591,516.591,442.112,569.189
2025-12-24 17:45:00,340.548,519.801,519.801,443.243,571.777
2025-12-24 18:00:00,344.125,522.801,522.801,446.481,570.948
2025-12-24 18:15:00,347.702,524.052,524.052,446.549,570.115
2025-12-24 18:30:00,351.28,522.38,522.38,447.893,567.295
2025-12-24 18:45:00,354.857,522.815,522.815,451.924,566.049
2025-12-24 19:00:00,358.434,520.218,520.218,453.086,561.614
2025-12-24 19:15:00,362.011,517.436,517.436,454.591,557.416
2025-12-24 19:30:00,365.588,516.315,516.315,460.182,552.506
2025-12-24 19:45:00,369.165,516.106,516.106,462.486,552.368
2025-12-24 20:00:00,372.742,517.989,517.989,465.069,553.616
2025-12-24 20:15:00,376.319,518.434,518.434,464.937,554.561
2025-12-24 20:30:00,379.896,516.203,516.203,460.309,550.966
2025-12-24 20:45:00,383.474,513.114,513.114,460.372,547.624
2025-12-24 21:00:00,387.051,508.096,508.096,456.995,543.509
2025-12-24 21:15:00,390.628,507.3,507.3,457.42,542.258
2025-12-24 21:30:00,394.205,506.526,506.526,459.137,541.364
2025-12-24 21:45:00,397.782,502.245,502.245,456.032,536.364
2025-12-24 22:00:00,401.359,501.985,501.985,461.061,534.904
2025-12-24 22:15:00,404.936,502.965,502.965,466.894,531.066
2025-12-24 22:30:00,408.513,497.234,497.234,463.264,525.1
2025-12-24 22:45:00,412.09,487.844,487.844,455.476,514.774
2025-12-24 23:00:00,415.668,477.265,477.265,445.946,503.8
2025-12-24 23:15:00,419.245,465.577,465.577,434.488,491.865
2025-12-24 23:30:00,422.822,454.94,454.94,425.111,480.799
2025-12-24 23:45:00,426.399,446.393,446.393,415.337,472.23
2025-12-25 00:00:00,429.976,437.777,437.777,419.718,457.641
2025-12-25 00:15:00,437.558,443.977,443.977,426.666,462.321
2025-12-25 00:30:00,433.142,437.889,437.889,422.792,456.337
2025-12-25 00:45:00,426.925,429.145,429.145,414.615,446.382
2025-12-25 01:00:00,418.634,421.543,421.543,407.849,437.62
2025-12-25 01:15:00,412.188,412.148,412.148,397.256,427.48
2025-12-25 01:30:00,402.749,404.043,404.043,390.698,419.93
2025-12-25 01:45:00,393.814,396.509,396.509,383.398,410.657
2025-12-25 02:00:00,389.196,391.919,391.919,379.035,406.761
2025-12-25 02:15:00,383.382,385.818,385.818,373.086,399.638
2025-12-25 02:30:00,380.357,381.57,381.57,370.251,394.686
2025-12-25 02:45:00,377.415,377.111,377.111,364.977,391.132
2025-12-25 03:00:00,374.71,373.286,373.286,360.477,387.028
2025-12-25 03:15:00,371.438,369.628,369.628,357.455,383.078
2025-12-25 03:30:00,367.329,366.26,366.26,354.614,378.835
2025-12-25 03:45:00,366.887,365.118,365.118,351.99,378.339
2025-12-25 04:00:00,365.212,369.641,369.641,353.576,387.706
2025-12-25 04:15:00,369.365,369.854,369.854,352.518,388.246
2025-12-25 04:30:00,370.387,369.852,369.852,351.494,389.102
2025-12-25 04:45:00,373.856,372.619,372.619,352.596,393.61
2025-12-25 05:00:00,378.851,376.301,376.301,356.306,397.59
2025-12-25 05:15:00,380.663,382.527,382.527,360.62,404.758
2025-12-25 05:30:00,387.201,390.451,390.451,368.977,414.957
2025-12-25 05:45:00,397.479,396.243,396.243,373.195,422.704
2025-12-25 06:00:00,409.066,405.064,405.064,380.387,435.773
2025-12-25 06:15:00,420.85,416.137,416.137,390.802,448.516
2025-12-25 06:30:00,430.134,433.92,433.92,404.726,472.996
2025-12-25 06:45:00,450.239,454.033,454.033,418.898,501.351
2025-12-25 07:00:00,464.361,462.055,462.055,421.027,517.309
2025-12-25 07:15:00,469.766,463.514,463.514,418.508,522.016
2025-12-25 07:30:00,466.357,454.722,454.722,407.828,520.075
2025-12-25 07:45:00,460.639,443.546,443.546,394.992,515.259
2025-12-25 08:00:00,464.751,462.699,462.699,407.141,518.146
2025-12-25 08:15:00,476.895,459.907,459.907,397.007,522.481
2025-12-25 08:30:00,476.916,455.655,455.655,386.672,522.998
2025-12-25 08:45:00,479.676,449.269,449.269,372.041,524.969
2025-12-25 09:00:00,482.853,442.328,442.328,357.659,523.047
2025-12-25 09:15:00,484.553,434.713,434.713,345.323,519.35
2025-12-25 09:30:00,489.776,429.062,429.062,333.546,523.17
2025-12-25 09:45:00,481.86,425.386,425.386,323.305,523.725
2025-12-25 10:00:00,476.182,421.364,421.364,314.393,525.083
2025-12-25 10:15:00,475.886,417.15,417.15,306.719,525.344
2025-12-25 10:30:00,487.984,413.882,413.882,300.789,527.03
2025-12-25 10:45:00,487.475,413.278,413.278,289.491,528.571
2025-12-25 11:00:00,489.394,409.043,409.043,280.256,529.802
2025-12-25 11:15:00,488.069,404.816,404.816,273.782,524.686
2025-12-25 11:30:00,480.021,395.372,395.372,269.677,513.044
2025-12-25 11:45:00,472.09,382.77,382.77,261.665,505.591
2025-12-25 12:00:00,451.017,437.471,437.471,306.087,542.054
2025-12-25 12:15:00,449.948,430.656,430.656,295.198,539.854
2025-12-25 12:30:00,442.644,425.238,425.238,301.158,531.063
2025-12-25 12:45:00,438.394,420.559,420.559,303.41,527.148
2025-12-25 13:00:00,437.424,419.808,419.808,302.805,526.293
2025-12-25 13:15:00,443.231,417.37,417.37,303.584,519.177
2025-12-25 13:30:00,441.583,418.836,418.836,311.45,514.895
2025-12-25 13:45:00,440.654,423.227,423.227,325.057,510.504
2025-12-25 14:00:00,444.051,423.589,423.589,334.633,506.889
2025-12-25 14:15:00,452.246,424.499,424.499,340.526,499.123
2025-12-25 14:30:00,451.196,424.547,424.547,351.487,493.111
2025-12-25 14:45:00,454.347,424.356,424.356,359.466,486.284
2025-12-25 15:00:00,454.834,423.878,423.878,367.325,482.487
2025-12-25 15:15:00,462.17,426.867,426.867,374.214,481.402
2025-12-25 15:30:00,471.822,437.573,437.573,388.153,486.781
2025-12-25 15:45:00,479.779,448.985,448.985,407.064,495.383
2025-12-25 16:00:00,491.96,466.797,466.797,421.072,514.214
2025-12-25 16:15:00,514.883,488.243,488.243,444.543,532.184
2025-12-25 16:30:00,533.942,511.012,511.012,468.875,551.389
2025-12-25 16:45:00,554.593,528.158,528.158,492.147,564.496
2025-12-25 17:00:00,563.975,539.036,539.036,506.962,570.773
2025-12-25 17:15:00,568.088,547.087,547.087,517.816,578.705
2025-12-25 17:30:00,567.566,553.359,553.359,525.336,584.414
2025-12-25 17:45:00,578.359,558.175,558.175,532.046,587.232
2025-12-25 18:00:00,577.561,558.35,558.35,536.356,584.488
2025-12-25 18:15:00,573.945,558.206,558.206,534.684,583.535
2025-12-25 18:30:00,571.173,557.203,557.203,534.345,581.988
2025-12-25 18:45:00,565.56,554.1,554.1,532.857,578.773
2025-12-25 19:00:00,557.888,549.03,549.03,526.462,573.483
2025-12-25 19:15:00,551.125,543.952,543.952,522.328,566.151
2025-12-25 19:30:00,543.993,539.442,539.442,516.472,561.722
2025-12-25 19:45:00,535.898,536.09,536.09,515.013,559.248
2025-12-25 20:00:00,526.881,533.799,533.799,512.694,555.502
2025-12-25 20:15:00,530.771,530.795,530.795,509.147,553.158
2025-12-25 20:30:00,529.126,527.504,527.504,504.276,549.15
2025-12-25 20:45:00,527.993,522.41,522.41,498.939,545.09
2025-12-25 21:00:00,519.077,517.436,517.436,495.385,540.764
2025-12-25 21:15:00,517.106,515.431,515.431,492.05,537.596
2025-12-25 21:30:00,515.994,514.035,514.035,491.652,535.879
2025-12-25 21:45:00,511.111,508.691,508.691,486.178,531.542
2025-12-25 22:00:00,507.955,507.633,507.633,486.051,529.907
2025-12-25 22:15:00,510.011,507.209,507.209,484.206,529.161
2025-12-25 22:30:00,500.61,499.546,499.546,478.13,522.048
2025-12-25 22:45:00,485.169,488.422,488.422,467.286,510.577
2025-12-25 23:00:00,474.008,474.965,474.965,454.073,497.949
2025-12-25 23:15:00,457.628,461.847,461.847,439.847,484.938
2025-12-25 23:30:00,445.954,448.891,448.891,428.639,470.939
2025-12-25 23:45:00,434.381,437.842,437.842,416.477,459.48
2025-12-26 00:00:00,427.647,431.689,431.689,414.992,448.978
2025-12-26 00:15:00,436.7,437.466,437.466,421.746,454.823
2025-12-26 00:30:00,434.675,431.895,431.895,417.49,449.089
2025-12-26 00:45:00,425.534,423.243,423.243,409.235,438.659
2025-12-26 01:00:00,414.819,415.56,415.56,402.27,431.187
2025-12-26 01:15:00,406.297,407.012,407.012,392.932,421.602
2025-12-26 01:30:00,397.618,399.853,399.853,386.726,415.612
2025-12-26 01:45:00,393.537,393.045,393.045,379.943,407.116
2025-12-26 02:00:00,388.114,388.686,388.686,376.141,402.975
2025-12-26 02:15:00,383.037,382.886,382.886,369.841,397.099
2025-12-26 02:30:00,381.231,378.369,378.369,366.97,391.716
2025-12-26 02:45:00,380.096,374.33,374.33,362.425,387.845
2025-12-26 03:00:00,373.965,370.847,370.847,358.353,384.453
2025-12-26 03:15:00,372.612,367.629,367.629,355.911,380.945
2025-12-26 03:30:00,368.142,364.619,364.619,352.65,376.794
2025-12-26 03:45:00,367.082,364.201,364.201,351.038,377.777
2025-12-26 04:00:00,365.821,369.071,369.071,352.772,387.051
2025-12-26 04:15:00,366.599,369.011,369.011,352.023,387.44
2025-12-26 04:30:00,364.379,369.057,369.057,350.738,388.304
2025-12-26 04:45:00,367.099,371.72,371.72,351.62,392.654
2025-12-26 05:00:00,371.289,375.31,375.31,355.128,397.198
2025-12-26 05:15:00,377.883,380.697,380.697,358.622,403.328
2025-12-26 05:30:00,385.693,388.149,388.149,366.853,413.019
2025-12-26 05:45:00,394.885,393.792,393.792,371.051,419.945
2025-12-26 06:00:00,402.075,402.458,402.458,378.296,432.784
2025-12-26 06:15:00,412.865,413.382,413.382,388.068,445.281
2025-12-26 06:30:00,432.048,431.008,431.008,402.139,468.606
2025-12-26 06:45:00,457.478,450.051,450.051,416.728,493.552
2025-12-26 07:00:00,468.812,456.438,456.438,416.969,507.057
2025-12-26 07:15:00,471.663,455.413,455.413,413.351,509.522
2025-12-26 07:30:00,458.228,442.763,442.763,399.538,498.781
2025-12-26 07:45:00,435.58,428.611,428.611,385.399,486.96
2025-12-26 08:00:00,409.944,439.677,439.677,378.052,509.1
2025-12-26 08:15:00,398.74,429.275,429.275,361.94,502.29
2025-12-26 08:30:00,369.14,416.094,416.094,343.725,499.666
2025-12-26 08:45:00,342.136,403.665,403.665,324.493,491.271
2025-12-26 09:00:00,322.781,387.045,387.045,301.156,483.026
2025-12-26 09:15:00,299.463,372.229,372.229,282.04,473.47
2025-12-26 09:30:00,276.712,360.267,360.267,267.332,470.134
2025-12-26 09:45:00,262.448,346.064,346.064,254.082,463.351
2025-12-26 10:00:00,244.634,336.628,336.628,242.216,456.619
2025-12-26 10:15:00,234.042,327.189,327.189,233.247,450.505
2025-12-26 10:30:00,227.084,320.654,320.654,226.519,445.608
2025-12-26 10:45:00,218.864,311.395,311.395,212.778,441.024
2025-12-26 11:00:00,211.944,302.27,302.27,204.409,433.858
2025-12-26 11:15:00,206.851,289.976,289.976,193.247,426.044
2025-12-26 11:30:00,197.288,276.79,276.79,184.713,411.1
2025-12-26 11:45:00,187.363,264.788,264.788,176.35,400.074
2025-12-26 12:00:00,173.263,240.063,240.063,159.697,380.342
2025-12-26 12:15:00,181.319,229.68,229.68,152.786,368.881
2025-12-26 12:30:00,183.612,226.056,226.056,146.93,363.073
2025-12-26 12:45:00,192.168,223.797,223.797,149.532,359.886
2025-12-26 13:00:00,202.212,226.45,226.45,158.791,357.76
2025-12-26 13:15:00,225.662,233.654,233.654,161.91,363.344
2025-12-26 13:30:00,221.991,248.496,248.496,177.624,369.045
2025-12-26 13:45:00,230.992,263.897,263.897,193.951,377.531
2025-12-26 14:00:00,254.352,280.374,280.374,212.743,385.482
2025-12-26 14:15:00,275.875,297.786,297.786,235.023,392.58
2025-12-26 14:30:00,288.443,316.836,316.836,258.52,401.13
2025-12-26 14:45:00,317.96,336.392,336.392,277.937,415.639
2025-12-26 15:00:00,341.165,354.916,354.916,299.36,427.317
2025-12-26 15:15:00,358.44,375.006,375.006,323.422,439.533
2025-12-26 15:30:00,389.122,395.901,395.901,348.438,456.504
2025-12-26 15:45:00,425.585,418.022,418.022,376.807,476.376
2025-12-26 16:00:00,457.441,439.006,439.006,401.254,480.312
2025-12-26 16:15:00,487.109,466.648,466.648,428.207,506.513
2025-12-26 16:30:00,513.235,497.209,497.209,458.189,533.585
2025-12-26 16:45:00,543.494,519.206,519.206,485.046,552.028
2025-12-26 17:00:00,558.546,533.717,533.717,502.99,564.542
2025-12-26 17:15:00,571.958,545.382,545.382,515.95,575.298
2025-12-26 17:30:00,573.802,554.034,554.034,525.601,584.393
2025-12-26 17:45:00,589.158,560.914,560.914,533.555,588.95
2025-12-26 18:00:00,593.771,562.057,562.057,538.168,588.285
2025-12-26 18:15:00,596.951,561.929,561.929,536.571,587.882
2025-12-26 18:30:00,589.376,559.531,559.531,534.134,584.691
2025-12-26 18:45:00,584.744,554.49,554.49,530.927,580.2
2025-12-26 19:00:00,577.718,548.201,548.201,522.728,573.85
2025-12-26 19:15:00,571.158,543.086,543.086,518.361,567.093
2025-12-26 19:30:00,562.512,538.526,538.526,512.501,562.707
2025-12-26 19:45:00,551.423,535.223,535.223,511.07,560.29
2025-12-26 20:00:00,542.59,532.702,532.702,508.629,556.475
2025-12-26 20:15:00,540.6,529.226,529.226,504.573,553.544
2025-12-26 20:30:00,534.434,525.406,525.406,499.109,549.1
2025-12-26 20:45:00,527.222,520.262,520.262,492.778,544.97
2025-12-26 21:00:00,520.553,514.979,514.979,490.126,540.255
2025-12-26 21:15:00,514.742,512.862,512.862,486.756,536.827
2025-12-26 21:30:00,514.39,512.245,512.245,486.66,536.087
2025-12-26 21:45:00,510.963,507.422,507.422,481.804,532.357
2025-12-26 22:00:00,508.428,506.965,506.965,482.117,531.478
2025-12-26 22:15:00,517.122,507.329,507.329,480.955,531.226
2025-12-26 22:30:00,513.113,500.131,500.131,475.297,524.721
2025-12-26 22:45:00,507.362,490.111,490.111,465.891,514.152
2025-12-26 23:00:00,492.784,477.916,477.916,453.865,502.387
2025-12-26 23:15:00,480.601,465.458,465.458,439.708,490.372
2025-12-26 23:30:00,468.961,452.955,452.955,429.394,477.182
2025-12-26 23:45:00,453.24,442.711,442.711,417.81,467.106
2025-12-27 00:00:00,446.689,435.477,435.477,414.536,457.88
2025-12-27 00:15:00,456.914,440.406,440.406,420.116,462.418
2025-12-27 00:30:00,448.33,434.145,434.145,416.555,455.216
2025-12-27 00:45:00,435.806,425.618,425.618,407.527,445.724
2025-12-27 01:00:00,427.397,417.565,417.565,401.541,436.852
2025-12-27 01:15:00,416.709,408.263,408.263,391.487,426.049
2025-12-27 01:30:00,408.751,400.536,400.536,384.274,419.566
2025-12-27 01:45:00,402.962,393.642,393.642,377.97,409.858
2025-12-27 02:00:00,396.707,388.701,388.701,374.533,405.192
2025-12-27 02:15:00,391.38,383.183,383.183,368.602,399.04
2025-12-27 02:30:00,385.353,378.453,378.453,365.813,392.843
2025-12-27 02:45:00,381.671,374.358,374.358,361.087,388.647
2025-12-27 03:00:00,379.876,371.195,371.195,357.216,385.786
2025-12-27 03:15:00,377.899,368.228,368.228,355.058,382.377
2025-12-27 03:30:00,376.304,365.231,365.231,351.865,378.173
2025-12-27 03:45:00,375.337,365.128,365.128,351.031,379.274
2025-12-27 04:00:00,370.037,367.962,367.962,349.408,388.227
2025-12-27 04:15:00,370.761,368.138,368.138,348.27,389.518
2025-12-27 04:30:00,371.81,368.261,368.261,347.499,390.604
2025-12-27 04:45:00,374.417,371.327,371.327,348.021,395.846
2025-12-27 05:00:00,375.982,374.856,374.856,351.735,401.168
2025-12-27 05:15:00,380.998,379.942,379.942,354.704,406.762
2025-12-27 05:30:00,386.557,386.4,386.4,361.863,416.549
2025-12-27 05:45:00,397.033,390.871,390.871,364.736,423.523
2025-12-27 06:00:00,403.344,398.524,398.524,370.86,435.356
2025-12-27 06:15:00,410.503,408.478,408.478,379.477,446.659
2025-12-27 06:30:00,420.733,424.779,424.779,391.442,469.212
2025-12-27 06:45:00,438.833,442.334,442.334,403.565,494.042
2025-12-27 07:00:00,452.096,448.696,448.696,403.978,508.788
2025-12-27 07:15:00,458.109,447.305,447.305,400.216,511.01
2025-12-27 07:30:00,457.44,434.994,434.994,388.247,499.47
2025-12-27 07:45:00,451.429,420.808,420.808,376.266,486.265
2025-12-27 08:00:00,449.796,413.334,413.334,359.038,484.477
2025-12-27 08:15:00,447.227,403.339,403.339,341.583,479.269
2025-12-27 08:30:00,440.11,388.163,388.163,323.253,473.113
2025-12-27 08:45:00,423.41,372.339,372.339,302.325,462.756
2025-12-27 09:00:00,406.658,354.929,354.929,280.243,455.461
2025-12-27 09:15:00,389.796,336.41,336.41,260.728,442.267
2025-12-27 09:30:00,352.617,322.71,322.71,245.418,442.232
2025-12-27 09:45:00,343.969,306.671,306.671,232.352,428.684
2025-12-27 10:00:00,323.819,291.688,291.688,216.947,414.372
2025-12-27 10:15:00,307.568,277.571,277.571,207.969,399.922
2025-12-27 10:30:00,300.07,266.801,266.801,197.04,387.162
2025-12-27 10:45:00,307.261,253.162,253.162,181.873,378.544
2025-12-27 11:00:00,281.252,241.38,241.38,171.208,366.181
2025-12-27 11:15:00,236.664,228.684,228.684,158.561,356.673
2025-12-27 11:30:00,206.314,216.749,216.749,151.735,344.98
2025-12-27 11:45:00,190.458,206.121,206.121,144.559,329.727
2025-12-27 12:00:00,164.642,174.073,174.073,116.457,291.599
2025-12-27 12:15:00,163.522,165.872,165.872,109.632,287.808
2025-12-27 12:30:00,153.578,162.645,162.645,106.927,276.626
2025-12-27 12:45:00,159.326,165.329,165.329,113.247,278.158
2025-12-27 13:00:00,169.186,171.945,171.945,122.96,282.405
2025-12-27 13:15:00,178.329,185.742,185.742,134.118,291.842
2025-12-27 13:30:00,191.53,205.06,205.06,153.644,304.371
2025-12-27 13:45:00,207.26,223.01,223.01,173.534,318.738
2025-12-27 14:00:00,224.034,244.072,244.072,195.177,332.223
2025-12-27 14:15:00,248.591,265.206,265.206,219.108,342.327
2025-12-27 14:30:00,254.429,288.375,288.375,244.271,356.221
2025-12-27 14:45:00,275.173,309.278,309.278,264.988,373.203
2025-12-27 15:00:00,296.998,330.312,330.312,289.27,390.087
2025-12-27 15:15:00,309.887,354.2,354.2,316.161,408.101
2025-12-27 15:30:00,334.667,380.542,380.542,345.349,429.459
2025-12-27 15:45:00,366.4,406.304,406.304,375.399,451.237
2025-12-27 16:00:00,402.085,435.82,435.82,401.702,470.547
2025-12-27 16:15:00,440.816,465.287,465.287,431.873,501.173
2025-12-27 16:30:00,485.127,498.927,498.927,464.794,529.8
2025-12-27 16:45:00,518.932,521.697,521.697,491.387,549.841
2025-12-27 17:00:00,538.813,536.292,536.292,509.824,562.709
2025-12-27 17:15:00,556.948,547.78,547.78,521.989,573.476
2025-12-27 17:30:00,576.273,556.953,556.953,533.041,582.735
2025-12-27 17:45:00,595.462,562.91,562.91,540.186,586.46
2025-12-27 18:00:00,598.751,565.033,565.033,542.919,586.792
2025-12-27 18:15:00,599.812,564.738,564.738,542.109,586.59
2025-12-27 18:30:00,590.502,562.082,562.082,539.673,583.446
2025-12-27 18:45:00,584.968,556.552,556.552,535.762,578.992
2025-12-27 19:00:00,579.43,550.745,550.745,527.857,573.453
2025-12-27 19:15:00,568.164,545.507,545.507,523.136,566.815
2025-12-27 19:30:00,559.246,541.343,541.343,517.166,562.361
2025-12-27 19:45:00,551.879,537.835,537.835,515.409,560.071
2025-12-27 20:00:00,542.572,532.563,532.563,511.41,553.708
2025-12-27 20:15:00,541.733,529.762,529.762,507.579,551.546
2025-12-27 20:30:00,536.498,525.511,525.511,501.945,546.606
2025-12-27 20:45:00,531.292,519.587,519.587,495.014,541.977
2025-12-27 21:00:00,521.416,513.97,513.97,491.084,537.081
2025-12-27 21:15:00,517.052,511.381,511.381,487.083,533.194
2025-12-27 21:30:00,516.43,510.459,510.459,487.02,532.156
2025-12-27 21:45:00,508.617,505.027,505.027,480.997,528.059
2025-12-27 22:00:00,511.456,505.189,505.189,481.82,527.803
2025-12-27 22:15:00,513.243,505.948,505.948,481.037,527.965
2025-12-27 22:30:00,508.729,498.867,498.867,475.355,521.631
2025-12-27 22:45:00,499.124,488.996,488.996,465.878,511.505
2025-12-27 23:00:00,486.786,477.216,477.216,454.03,500.335
2025-12-27 23:15:00,473.478,465.374,465.374,439.601,489.571
2025-12-27 23:30:00,460.897,453.859,453.859,429.993,476.982
2025-12-27 23:45:00,451.634,443.231,443.231,417.826,466.311
2025-12-28 00:00:00,443.243,435.761,435.761,417.365,455.471
2025-12-28 00:15:00,450.746,441.365,441.365,422.814,461.264
2025-12-28 00:30:00,443.555,435.381,435.381,418.402,454.727
2025-12-28 00:45:00,434.722,426.702,426.702,409.392,445.51
2025-12-28 01:00:00,427.165,418.669,418.669,402.564,437.269
2025-12-28 01:15:00,417.979,409.027,409.027,392.321,426.424
2025-12-28 01:30:00,405.682,401.416,401.416,385.11,420.638
2025-12-28 01:45:00,402.077,394.791,394.791,378.332,411.791
2025-12-28 02:00:00,393.928,389.836,389.836,374.671,407.895
2025-12-28 02:15:00,387.518,383.657,383.657,368.428,401.164
2025-12-28 02:30:00,383.445,379.028,379.028,364.918,395.847
2025-12-28 02:45:00,379.613,374.698,374.698,359.876,391.675
2025-12-28 03:00:00,376.254,371.179,371.179,355.781,387.934
2025-12-28 03:15:00,375.531,368.21,368.21,353.273,384.499
2025-12-28 03:30:00,371.975,365.066,365.066,350.289,380.788
2025-12-28 03:45:00,371.218,364.624,364.624,348.345,381.34
2025-12-28 04:00:00,371.39,367.575,367.575,345.417,391.965
2025-12-28 04:15:00,370.225,367.111,367.111,343.157,392.651
2025-12-28 04:30:00,370.193,366.928,366.928,342.098,393.402
2025-12-28 04:45:00,374.672,369.568,369.568,341.874,398.334
2025-12-28 05:00:00,376.061,372.291,372.291,345.048,403.284
2025-12-28 05:15:00,380.647,376.652,376.652,347.526,407.43
2025-12-28 05:30:00,387.119,382.816,382.816,354.381,417.016
2025-12-28 05:45:00,392.697,388.023,388.023,358.506,424.091
2025-12-28 06:00:00,400.734,395.552,395.552,364.314,436.092
2025-12-28 06:15:00,410.052,406.369,406.369,372.792,448.569
2025-12-28 06:30:00,422.973,423.553,423.553,385.74,471.941
2025-12-28 06:45:00,440.133,442.953,442.953,398.937,499.091
2025-12-28 07:00:00,455.185,449.185,449.185,399.298,514.093
2025-12-28 07:15:00,457.952,448.452,448.452,395.994,517.191
2025-12-28 07:30:00,446.806,436.544,436.544,383.984,506.812
2025-12-28 07:45:00,435.087,422.777,422.777,372.412,494.522
2025-12-28 08:00:00,416.441,406.25,406.25,350.484,484.828
2025-12-28 08:15:00,400.094,394.755,394.755,333.262,477.058
2025-12-28 08:30:00,383.477,376.527,376.527,314.349,465.569
2025-12-28 08:45:00,360.484,358.08,358.08,293.555,452.814
2025-12-28 09:00:00,335.494,336.233,336.233,269.874,438.324
2025-12-28 09:15:00,314.57,314.012,314.012,248.596,424.639
2025-12-28 09:30:00,291.853,296.672,296.672,231.28,418.343
2025-12-28 09:45:00,266.93,279.954,279.954,216.058,401.186
2025-12-28 10:00:00,249.032,264.165,264.165,199.348,390.324
2025-12-28 10:15:00,232.179,251.902,251.902,192.605,374.333
2025-12-28 10:30:00,227.138,244.443,244.443,183.386,366.145
2025-12-28 10:45:00,214.047,234.281,234.281,171.681,356.873
2025-12-28 11:00:00,206.289,225.086,225.086,161.23,346.573
2025-12-28 11:15:00,207.183,214.069,214.069,150.129,337.975
2025-12-28 11:30:00,198.478,202.334,202.334,144.101,327.777
2025-12-28 11:45:00,190.623,189.797,189.797,136.687,307.61
2025-12-28 12:00:00,176.052,158.885,158.885,107.938,261.852
2025-12-28 12:15:00,187.835,148.801,148.801,98.529,262.724
2025-12-28 12:30:00,199.243,145.346,145.346,94.571,251.018
2025-12-28 12:45:00,191.616,146.364,146.364,97.438,256.251
2025-12-28 13:00:00,199.286,151.351,151.351,106.692,261.416
2025-12-28 13:15:00,219.625,164.275,164.275,117.399,270.489
2025-12-28 13:30:00,229.305,182.731,182.731,134.901,284.544
2025-12-28 13:45:00,248.606,198.905,198.905,151.652,299.74
2025-12-28 14:00:00,251.571,220.299,220.299,172.768,315.125
2025-12-28 14:15:00,263.171,243.323,243.323,197.914,325.511
2025-12-28 14:30:00,277.379,268.285,268.285,223.017,341.636
2025-12-28 14:45:00,269.506,285.865,285.865,242.93,353.449
2025-12-28 15:00:00,277.72,304.957,304.957,262.646,369.203
2025-12-28 15:15:00,313.615,329.127,329.127,289.923,387.79
2025-12-28 15:30:00,337.934,357.933,357.933,320.256,411.085
2025-12-28 15:45:00,366.981,384.096,384.096,347.68,434.618
2025-12-28 16:00:00,400.856,422.019,422.019,386.636,459.648
2025-12-28 16:15:00,441.327,452.798,452.798,417.133,491.904
2025-12-28 16:30:00,483.479,488.364,488.364,451.821,522.217
2025-12-28 16:45:00,516.49,512.246,512.246,478.269,543.82
2025-12-28 17:00:00,538.235,527.564,527.564,497.019,558.133
2025-12-28 17:15:00,561.25,541.149,541.149,512.245,569.889
2025-12-28 17:30:00,579.943,551.072,551.072,523.578,580.601
2025-12-28 17:45:00,592.06,559.351,559.351,531.978,586.465
2025-12-28 18:00:00,593.187,561.573,561.573,537.551,587.164
2025-12-28 18:15:00,590.617,561.84,561.84,535.996,587.359
2025-12-28 18:30:00,584.1,559.976,559.976,533.994,584.478
2025-12-28 18:45:00,580.92,555.207,555.207,531.48,580.004
2025-12-28 19:00:00,576.572,549.919,549.919,523.435,576.117
2025-12-28 19:15:00,566.914,544.945,544.945,518.877,569.506
2025-12-28 19:30:00,561.696,541.174,541.174,513.194,565.21
2025-12-28 19:45:00,553.896,537.595,537.595,511.924,563.456
2025-12-28 20:00:00,551.369,531.722,531.722,505.596,556.4
2025-12-28 20:15:00,554.671,529.354,529.354,503.117,555.582
2025-12-28 20:30:00,553.196,526.058,526.058,498.194,551.22
2025-12-28 20:45:00,547.472,520.755,520.755,491.436,546.456
2025-12-28 21:00:00,540.4,515.548,515.548,488.906,541.277
2025-12-28 21:15:00,531.672,512.475,512.475,484.683,537.724
2025-12-28 21:30:00,529.498,510.397,510.397,482.693,535.287
2025-12-28 21:45:00,518.59,504.694,504.694,477.949,530.155
2025-12-28 22:00:00,511.576,503.045,503.045,476.895,527.901
2025-12-28 22:15:00,512.703,501.991,501.991,475.437,526.04
2025-12-28 22:30:00,501.839,493.782,493.782,468.656,518.015
2025-12-28 22:45:00,489.332,482.991,482.991,458.766,506.57
2025-12-28 23:00:00,473.692,470.134,470.134,446.448,494.384
2025-12-28 23:15:00,459.808,457.162,457.162,432.47,481.788
2025-12-28 23:30:00,449.207,445.147,445.147,422.081,468.421
2025-12-28 23:45:00,433.252,434.66,434.66,410.202,457.489
2025-12-29 00:00:00,425.366,425.203,425.203,406.754,444.62
2025-12-29 00:15:00,440.078,431.923,431.923,413.805,452.034
2025-12-29 00:30:00,433.074,427.085,427.085,409.983,446.994
2025-12-29 00:45:00,427.06,419.052,419.052,401.488,437.698
2025-12-29 01:00:00,415.133,411.718,411.718,395.902,430.633
2025-12-29 01:15:00,407.337,402.536,402.536,386.242,420.079
2025-12-29 01:30:00,395.949,395.858,395.858,379.499,415.312
2025-12-29 01:45:00,390.593,389.631,389.631,373.304,406.427
2025-12-29 02:00:00,386.082,385.222,385.222,370.401,402.7
2025-12-29 02:15:00,380.326,379.881,379.881,364.831,396.951
2025-12-29 02:30:00,375.431,375.59,375.59,361.828,391.68
2025-12-29 02:45:00,370.025,371.916,371.916,357.388,387.804
2025-12-29 03:00:00,368.424,369.005,369.005,353.673,385.249
2025-12-29 03:15:00,366.746,366.11,366.11,351.389,382.078
2025-12-29 03:30:00,363.543,363.615,363.615,348.787,379.26
2025-12-29 03:45:00,362.732,363.664,363.664,346.938,380.385
2025-12-29 04:00:00,363.649,366.393,366.393,345.038,389.452
2025-12-29 04:15:00,365.77,366.993,366.993,343.99,391.385
2025-12-29 04:30:00,367.799,367.915,367.915,344.06,393.093
2025-12-29 04:45:00,370.241,371.349,371.349,344.667,398.885
2025-12-29 05:00:00,372.341,375.007,375.007,348.883,404.757
2025-12-29 05:15:00,382.194,379.526,379.526,351.858,408.702
2025-12-29 05:30:00,391.62,386.443,386.443,359.633,418.935
2025-12-29 05:45:00,402.211,391.916,391.916,363.831,426.023
2025-12-29 06:00:00,411.21,400.319,400.319,370.591,438.171
2025-12-29 06:15:00,423.98,412.19,412.19,381.073,451.185
2025-12-29 06:30:00,445.522,431.099,431.099,395.264,475.409
2025-12-29 06:45:00,474.204,451.5,451.5,410.64,502.691
2025-12-29 07:00:00,490.111,456.818,456.818,410.069,515.048
2025-12-29 07:15:00,490.237,455.504,455.504,406.795,516.536
2025-12-29 07:30:00,471.511,441.948,441.948,392.162,504.313
2025-12-29 07:45:00,452.593,425.574,425.574,377.635,489.341
2025-12-29 08:00:00,432.906,415.17,415.17,369.628,480.997
2025-12-29 08:15:00,415.815,402.748,402.748,350.246,473.907
2025-12-29 08:30:00,397.132,382.567,382.567,326.918,462.142
2025-12-29 08:45:00,372.611,362.413,362.413,301.594,448.445
2025-12-29 09:00:00,346.394,339.477,339.477,274.992,433.15
2025-12-29 09:15:00,317.616,314.412,314.412,251.309,416.736
2025-12-29 09:30:00,304.605,296.095,296.095,232.853,408.796
2025-12-29 09:45:00,291.358,278.315,278.315,217.142,390.273
2025-12-29 10:00:00,275.294,261.579,261.579,199.93,377.474
2025-12-29 10:15:00,257.404,247.961,247.961,191.426,358.4
2025-12-29 10:30:00,231.115,239.549,239.549,181.291,347.442
2025-12-29 10:45:00,225.051,229.171,229.171,170.893,333.204
2025-12-29 11:00:00,216.447,219.479,219.479,160.252,322.316
2025-12-29 11:15:00,208.272,206.991,206.991,147.154,313.794
2025-12-29 11:30:00,193.474,195.367,195.367,140.169,305.351
2025-12-29 11:45:00,172.283,182.77,182.77,131.034,282.105
2025-12-29 12:00:00,149.825,156.4,156.4,109.217,248.284
2025-12-29 12:15:00,145.343,144.499,144.499,98.933,245.569
2025-12-29 12:30:00,139.995,141.012,141.012,94.434,234.415
2025-12-29 12:45:00,134.201,143.698,143.698,98.681,240.828
2025-12-29 13:00:00,142.712,149.646,149.646,109.14,246.301
2025-12-29 13:15:00,153.644,161.959,161.959,119.55,256.902
2025-12-29 13:30:00,160.795,178.493,178.493,135.497,270.742
2025-12-29 13:45:00,178.297,194.694,194.694,152.459,286.272
2025-12-29 14:00:00,189.894,214.437,214.437,171.426,301.143
2025-12-29 14:15:00,209.577,233.525,233.525,191.048,311.52
2025-12-29 14:30:00,226.201,255.512,255.512,212.48,328.045
2025-12-29 14:45:00,246.805,273.73,273.73,232.173,341.479
2025-12-29 15:00:00,268.342,296.07,296.07,253.224,360.692
2025-12-29 15:15:00,292.015,321.882,321.882,281.2,381.668
2025-12-29 15:30:00,321.053,353.182,353.182,314.62,408.105
2025-12-29 15:45:00,352.55,382.425,382.425,345.401,434.001
2025-12-29 16:00:00,389.071,413.45,413.45,378.33,451.625
2025-12-29 16:15:00,435.607,447.413,447.413,411.497,486.602
2025-12-29 16:30:00,470.237,486.023,486.023,450.361,520.532
2025-12-29 16:45:00,507.005,512.541,512.541,478.478,545.187
2025-12-29 17:00:00,526.914,529.487,529.487,499.468,560.626
2025-12-29 17:15:00,546.361,544.21,544.21,515.478,573.817
2025-12-29 17:30:00,554.326,554.71,554.71,527.666,584.712
2025-12-29 17:45:00,577.637,564.169,564.169,537.762,591.435
2025-12-29 18:00:00,587.678,567.232,567.232,542.502,592.385
2025-12-29 18:15:00,591.159,567.789,567.789,542.022,593.216
2025-12-29 18:30:00,584.9,565.89,565.89,540.711,590.247
2025-12-29 18:45:00,582.297,560.754,560.754,536.929,585.603
2025-12-29 19:00:00,571.727,556.116,556.116,530.893,582.37
2025-12-29 19:15:00,569.469,551.061,551.061,525.337,576.115
2025-12-29 19:30:00,562.307,547.227,547.227,519.77,571.353
2025-12-29 19:45:00,556.004,542.934,542.934,517.11,569.563
2025-12-29 20:00:00,548.917,538.176,538.176,511.396,563.576
2025-12-29 20:15:00,550.113,535.884,535.884,509.102,563.163
2025-12-29 20:30:00,547.974,532.609,532.609,504.528,558.592
2025-12-29 20:45:00,544.276,527.317,527.317,497.919,553.813
2025-12-29 21:00:00,543.964,521.526,521.526,493.73,548.525
2025-12-29 21:15:00,537.684,518.385,518.385,490.289,545.283
2025-12-29 21:30:00,536.099,516.51,516.51,488.171,542.896
2025-12-29 21:45:00,531.61,510.469,510.469,481.959,537.556
2025-12-29 22:00:00,527.709,509.048,509.048,481.786,535.876
2025-12-29 22:15:00,528.03,508.026,508.026,479.906,533.561
2025-12-29 22:30:00,513.297,499.713,499.713,472.528,526.025
2025-12-29 22:45:00,502.388,488.523,488.523,461.765,514.751
2025-12-29 23:00:00,487.424,475.37,475.37,449.189,502.412
2025-12-29 23:15:00,471.85,462.304,462.304,434.24,489.685
2025-12-29 23:30:00,454.224,449.437,449.437,422.788,476.918
2025-12-29 23:45:00,438.412,437.931,437.931,410.457,464.36
2025-12-30 00:00:00,431.341,425.756,425.756,405.436,446.906
2025-12-30 00:15:00,440.115,431.978,431.978,412.311,453.216
2025-12-30 00:30:00,432.933,426.402,426.402,408.498,447.468
2025-12-30 00:45:00,422.523,417.621,417.621,399.134,437.708
2025-12-30 01:00:00,414.883,409.959,409.959,393.732,430.003
2025-12-30 01:15:00,404.331,400.051,400.051,383.634,418.46
2025-12-30 01:30:00,395.116,393.101,393.101,376.411,413.688
2025-12-30 01:45:00,389.038,387.151,387.151,370.749,404.568
2025-12-30 02:00:00,386.747,382.935,382.935,367.953,401.01
2025-12-30 02:15:00,376.14,378.115,378.115,362.722,396.127
2025-12-30 02:30:00,371.021,374.333,374.333,360.314,391.159
2025-12-30 02:45:00,369.774,370.374,370.374,355.59,386.869
2025-12-30 03:00:00,365.971,367.65,367.65,352.024,384.66
2025-12-30 03:15:00,359.631,364.845,364.845,349.952,381.478
2025-12-30 03:30:00,359.25,362.57,362.57,347.411,379.363
2025-12-30 03:45:00,357.532,362.227,362.227,345.328,379.68
2025-12-30 04:00:00,354.565,365.287,365.287,343.553,389.697
2025-12-30 04:15:00,358.833,365.283,365.283,341.894,391.021
2025-12-30 04:30:00,359.44,365.982,365.982,342.074,392.504
2025-12-30 04:45:00,362.872,369.592,369.592,343.103,398.284
2025-12-30 05:00:00,371.135,373.615,373.615,347.829,404.361
2025-12-30 05:15:00,378.74,378.974,378.974,351.926,408.88
2025-12-30 05:30:00,388.027,386.08,386.08,360.073,419.21
2025-12-30 05:45:00,399.425,392.997,392.997,365.052,427.268
2025-12-30 06:00:00,410.372,401.338,401.338,371.916,439.497
2025-12-30 06:15:00,425.616,413.527,413.527,383.017,453.372
2025-12-30 06:30:00,443.783,433.466,433.466,397.479,478.416
2025-12-30 06:45:00,471.616,455.576,455.576,414.412,507.042
2025-12-30 07:00:00,487.289,462.199,462.199,413.83,521.206
2025-12-30 07:15:00,492.496,461.544,461.544,411.808,522.305
2025-12-30 07:30:00,480.193,448.386,448.386,398.145,510.672
2025-12-30 07:45:00,456.548,430.765,430.765,382.306,492.903
2025-12-30 08:00:00,435.774,426.383,426.383,380.344,492.48
2025-12-30 08:15:00,428.152,412.7,412.7,360.266,483.285
2025-12-30 08:30:00,407.462,392.964,392.964,338.568,471.748
2025-12-30 08:45:00,382.844,373.086,373.086,312.673,457.074
2025-12-30 09:00:00,356.991,349.533,349.533,285.745,440.64
2025-12-30 09:15:00,327.902,323.851,323.851,261.982,424.165
2025-12-30 09:30:00,310.625,306.012,306.012,243.791,416.197
2025-12-30 09:45:00,286.534,288.82,288.82,228.617,400.203
2025-12-30 10:00:00,269.72,273.58,273.58,212.172,390.309
2025-12-30 10:15:00,254.165,260.8,260.8,203.349,376.787
2025-12-30 10:30:00,243.216,252.286,252.286,192.611,368.722
2025-12-30 10:45:00,230.421,242.532,242.532,181.704,359.576
2025-12-30 11:00:00,222.283,232.463,232.463,171.916,348.181
2025-12-30 11:15:00,211.924,219.568,219.568,159.827,337.899
2025-12-30 11:30:00,197.821,208.178,208.178,153.931,327.081
2025-12-30 11:45:00,178.402,194.508,194.508,144.56,302.26
2025-12-30 12:00:00,152.643,180.69,180.69,131.268,271.965
2025-12-30 12:15:00,156.048,166.959,166.959,119.546,266.783
2025-12-30 12:30:00,150.554,160.063,160.063,115.151,253.289
2025-12-30 12:45:00,149.012,162.28,162.28,117.064,259.112
2025-12-30 13:00:00,151.596,166.116,166.116,125.663,262.228
2025-12-30 13:15:00,165.402,175.663,175.663,133.787,268.195
2025-12-30 13:30:00,174.9,190.228,190.228,147.978,280.41
2025-12-30 13:45:00,183.024,206.225,206.225,163.587,297.238
2025-12-30 14:00:00,201.925,227.575,227.575,184.626,312.964
2025-12-30 14:15:00,220.946,248.227,248.227,205.407,325.009
2025-12-30 14:30:00,235.39,270.23,270.23,226.036,342.538
2025-12-30 14:45:00,251.083,288.211,288.211,245.061,356.821
2025-12-30 15:00:00,272.229,309.353,309.353,265.299,374.303
2025-12-30 15:15:00,290.646,333.835,333.835,292.253,393.795
2025-12-30 15:30:00,316.181,364.672,364.672,324.924,419.801
2025-12-30 15:45:00,347.101,393.242,393.242,356.293,444.943
2025-12-30 16:00:00,381.454,427.56,427.56,391.71,465.473
2025-12-30 16:15:00,424.62,460.568,460.568,424.448,500.098
2025-12-30 16:30:00,460.126,495.688,495.688,458.928,529.524
2025-12-30 16:45:00,497.06,519.71,519.71,485.642,551.628
2025-12-30 17:00:00,521.41,535.038,535.038,504.89,565.379
2025-12-30 17:15:00,540.659,547.98,547.98,519.257,577.085
2025-12-30 17:30:00,552.175,557.618,557.618,531.438,587.017
2025-12-30 17:45:00,572.756,565.872,565.872,540.354,592.44
2025-12-30 18:00:00,586.495,568.778,568.778,543.792,593.854
2025-12-30 18:15:00,591.0,569.554,569.554,543.666,594.622
2025-12-30 18:30:00,588.447,569.407,569.407,543.65,592.95
2025-12-30 18:45:00,583.083,564.203,564.203,539.716,588.178
2025-12-30 19:00:00,579.102,559.739,559.739,534.52,585.674
2025-12-30 19:15:00,571.586,554.558,554.558,528.722,579.361
2025-12-30 19:30:00,563.983,550.493,550.493,522.48,574.901
2025-12-30 19:45:00,556.468,546.125,546.125,519.557,572.857
2025-12-30 20:00:00,548.717,542.58,542.58,515.8,568.869
2025-12-30 20:15:00,551.663,538.932,538.932,511.539,567.49
2025-12-30 20:30:00,547.79,534.949,534.949,505.928,562.183
2025-12-30 20:45:00,541.164,529.351,529.351,498.802,556.986
2025-12-30 21:00:00,536.364,523.924,523.924,494.934,552.006
2025-12-30 21:15:00,534.523,520.34,520.34,490.648,548.78
2025-12-30 21:30:00,534.506,518.933,518.933,488.795,547.107
2025-12-30 21:45:00,523.883,513.948,513.948,484.057,542.737
2025-12-30 22:00:00,525.032,513.453,513.453,485.095,541.936
2025-12-30 22:15:00,524.444,513.412,513.412,484.344,540.029
2025-12-30 22:30:00,514.755,505.827,505.827,477.344,533.659
2025-12-30 22:45:00,496.927,496.162,496.162,467.945,523.815
2025-12-30 23:00:00,483.541,483.912,483.912,456.289,512.122
2025-12-30 23:15:00,467.158,471.145,471.145,441.763,499.596
2025-12-30 23:30:00,454.116,458.781,458.781,431.668,487.58
2025-12-30 23:45:00,441.984,446.837,446.837,418.624,474.91
2025-12-31 00:00:00,429.595,433.522,433.522,412.399,455.822
2025-12-31 00:15:00,438.204,438.361,438.361,417.57,460.527
2025-12-31 00:30:00,431.898,431.604,431.604,413.515,453.145
2025-12-31 00:45:00,421.045,422.945,422.945,404.396,443.797
2025-12-31 01:00:00,410.175,415.512,415.512,399.255,436.444
2025-12-31 01:15:00,400.464,405.259,405.259,388.559,424.174
2025-12-31 01:30:00,393.565,398.091,398.091,381.217,419.578
2025-12-31 01:45:00,387.433,391.862,391.862,376.131,409.51
2025-12-31 02:00:00,379.366,387.48,387.48,372.84,406.063
2025-12-31 02:15:00,373.718,382.281,382.281,367.303,400.292
2025-12-31 02:30:00,369.827,378.161,378.161,364.825,395.071
2025-12-31 02:45:00,364.902,374.656,374.656,360.431,391.403
2025-12-31 03:00:00,364.01,371.67,371.67,356.754,388.484
2025-12-31 03:15:00,359.767,369.091,369.091,354.57,385.522
2025-12-31 03:30:00,356.109,366.731,366.731,352.211,382.914
2025-12-31 03:45:00,355.329,365.964,365.964,350.038,382.596
2025-12-31 04:00:00,356.717,370.835,370.835,349.554,395.808
2025-12-31 04:15:00,356.994,371.081,371.081,348.162,396.995
2025-12-31 04:30:00,358.984,371.573,371.573,348.44,398.422
2025-12-31 04:45:00,360.277,375.07,375.07,349.471,404.181
2025-12-31 05:00:00,362.024,379.081,379.081,353.639,410.45
2025-12-31 05:15:00,371.27,384.216,384.216,357.644,414.695
2025-12-31 05:30:00,378.184,390.476,390.476,365.029,424.926
2025-12-31 05:45:00,392.542,397.784,397.784,370.102,433.219
2025-12-31 06:00:00,400.062,405.718,405.718,376.547,445.026
2025-12-31 06:15:00,416.438,416.546,416.546,386.497,457.999
2025-12-31 06:30:00,434.044,434.022,434.022,398.993,480.784
2025-12-31 06:45:00,461.555,452.785,452.785,412.303,505.669
2025-12-31 07:00:00,474.586,460.474,460.474,412.088,522.405
2025-12-31 07:15:00,475.659,461.533,461.533,409.966,526.472
2025-12-31 07:30:00,462.06,452.797,452.797,399.39,521.077
2025-12-31 07:45:00,445.929,438.461,438.461,386.06,510.971
2025-12-31 08:00:00,433.716,442.005,442.005,388.712,514.728
2025-12-31 08:15:00,439.607,431.138,431.138,370.0,509.726
2025-12-31 08:30:00,435.571,416.945,416.945,352.579,505.865
2025-12-31 08:45:00,427.009,404.795,404.795,332.226,499.144
2025-12-31 09:00:00,405.954,386.418,386.418,307.725,490.065
2025-12-31 09:15:00,423.13,366.962,366.962,284.782,479.688
2025-12-31 09:30:00,421.237,354.294,354.294,268.697,484.294
2025-12-31 09:45:00,433.757,338.314,338.314,255.152,476.3
2025-12-31 10:00:00,430.456,326.058,326.058,241.337,465.013
2025-12-31 10:15:00,429.932,314.782,314.782,229.882,463.425
2025-12-31 10:30:00,413.798,303.387,303.387,220.781,453.104
2025-12-31 10:45:00,400.659,292.676,292.676,206.443,444.351
2025-12-31 11:00:00,376.222,280.932,280.932,195.678,435.344
2025-12-31 11:15:00,347.012,265.015,265.015,182.483,425.276
2025-12-31 11:30:00,335.223,252.641,252.641,173.603,412.409
2025-12-31 11:45:00,324.046,239.603,239.603,165.42,397.295
2025-12-31 12:00:00,335.43,242.139,242.139,167.535,380.765
2025-12-31 12:15:00,358.588,231.149,231.149,158.09,374.156
2025-12-31 12:30:00,356.676,225.661,225.661,153.154,365.916
2025-12-31 12:45:00,340.14,223.612,223.612,152.668,366.423
2025-12-31 13:00:00,312.241,225.522,225.522,161.41,366.326
2025-12-31 13:15:00,346.238,232.595,232.595,165.945,371.77
2025-12-31 13:30:00,364.292,247.156,247.156,179.957,382.108
2025-12-31 13:45:00,356.435,264.015,264.015,197.714,385.339
2025-12-31 14:00:00,341.582,280.952,280.952,217.222,390.906
2025-12-31 14:15:00,354.907,298.752,298.752,238.087,400.87
2025-12-31 14:30:00,335.999,319.16,319.16,261.232,413.123
2025-12-31 14:45:00,350.733,338.623,338.623,279.939,425.4
2025-12-31 15:00:00,365.835,356.618,356.618,299.143,437.329
2025-12-31 15:15:00,379.568,375.747,375.747,321.831,449.715
2025-12-31 15:30:00,407.072,399.0,399.0,349.582,466.913
2025-12-31 15:45:00,398.44,420.029,420.029,376.901,485.545
2025-12-31 16:00:00,430.369,447.066,447.066,407.021,490.075
2025-12-31 16:15:00,460.42,474.659,474.659,435.029,517.442
2025-12-31 16:30:00,487.552,503.889,503.889,464.421,542.546
2025-12-31 16:45:00,515.424,526.264,526.264,490.563,561.893
2025-12-31 17:00:00,531.995,540.253,540.253,506.425,573.698
2025-12-31 17:15:00,545.43,551.679,551.679,520.21,585.074
2025-12-31 17:30:00,555.197,560.511,560.511,531.088,593.178
2025-12-31 17:45:00,569.696,568.055,568.055,539.318,597.664
2025-12-31 18:00:00,575.114,570.33,570.33,543.422,598.213
2025-12-31 18:15:00,574.747,570.2,570.2,540.758,598.302
2025-12-31 18:30:00,571.901,568.947,568.947,539.813,595.543
2025-12-31 18:45:00,569.976,564.308,564.308,538.074,590.982
2025-12-31 19:00:00,563.308,560.309,560.309,531.58,589.761
2025-12-31 19:15:00,557.376,556.257,556.257,527.569,583.721
2025-12-31 19:30:00,546.973,552.724,552.724,522.149,579.968
2025-12-31 19:45:00,540.708,548.58,548.58,520.02,578.194
2025-12-31 20:00:00,533.793,544.838,544.838,516.52,573.985
2025-12-31 20:15:00,534.36,541.098,541.098,512.116,572.438
2025-12-31 20:30:00,528.9,537.336,537.336,506.708,567.401
2025-12-31 20:45:00,525.067,531.952,531.952,499.787,562.479
2025-12-31 21:00:00,519.459,527.062,527.062,495.425,557.967
2025-12-31 21:15:00,515.995,522.931,522.931,490.924,555.107
2025-12-31 21:30:00,517.866,521.3,521.3,489.345,552.988
2025-12-31 21:45:00,510.519,516.285,516.285,484.474,548.483
2025-12-31 22:00:00,510.494,514.429,514.429,484.125,546.313
2025-12-31 22:15:00,516.443,513.076,513.076,481.972,542.884
2025-12-31 22:30:00,512.87,504.848,504.848,474.455,536.077
2025-12-31 22:45:00,503.727,494.592,494.592,464.557,525.573
2025-12-31 23:00:00,490.976,482.028,482.028,452.357,513.741
2025-12-31 23:15:00,478.172,468.953,468.953,437.539,500.853
2025-12-31 23:30:00,465.944,456.472,456.472,426.866,489.221
2025-12-31 23:45:00,455.51,444.235,444.235,413.189,476.36
