DATATIME,LOAD_ACTUAL,LOAD_PRED,LOAD_MEAN,LOAD_Q10,LOAD_Q90
2024-06-25 00:00:00,4435.621,4497.719,4497.719,4442.85,4552.364
2024-06-25 01:00:00,4393.906,4399.311,4399.311,4348.576,4456.53
2024-06-25 02:00:00,4358.919,4359.566,4359.566,4306.434,4414.982
2024-06-25 03:00:00,4323.478,4330.334,4330.334,4278.418,4382.741
2024-06-25 04:00:00,4311.577,4300.156,4300.156,4247.837,4357.362
2024-06-25 05:00:00,4316.634,4300.236,4300.236,4245.306,4360.808
2024-06-25 06:00:00,4338.439,4389.81,4389.81,4328.25,4454.144
2024-06-25 07:00:00,4529.234,4484.198,4484.198,4420.89,4554.619
2024-06-25 08:00:00,4660.32,4627.057,4627.057,4553.074,4696.503
2024-06-25 09:00:00,4872.956,4855.062,4855.062,4780.972,4929.51
2024-06-25 10:00:00,5139.083,5059.106,5059.106,4974.498,5147.112
2024-06-25 11:00:00,5238.53,5139.305,5139.305,5050.712,5225.696
2024-06-25 12:00:00,5212.461,5108.251,5108.251,5013.187,5210.558
2024-06-25 13:00:00,5157.224,5052.183,5052.183,4950.064,5154.513
2024-06-25 14:00:00,5096.239,5066.382,5066.382,4962.344,5165.204
2024-06-25 15:00:00,5156.462,5120.219,5120.219,5020.306,5218.472
2024-06-25 16:00:00,5255.81,5154.598,5154.598,5058.092,5256.682
2024-06-25 17:00:00,5181.802,5068.072,5068.072,4971.128,5167.186
2024-06-25 18:00:00,5117.347,5001.624,5001.624,4900.718,5093.611
2024-06-25 19:00:00,5080.271,4984.226,4984.226,4894.71,5070.662
2024-06-25 20:00:00,5108.771,4974.194,4974.194,4883.678,5070.396
2024-06-25 21:00:00,5079.179,4984.034,4984.034,4892.447,5073.111
2024-06-25 22:00:00,5001.948,4868.405,4868.405,4777.8,4959.59
2024-06-25 23:00:00,4749.581,4669.052,4669.052,4581.058,4752.734
2024-06-26 00:00:00,4587.709,4563.114,4563.114,4484.0,4654.144
2024-06-26 01:00:00,4464.409,4476.345,4476.345,4397.028,4564.438
2024-06-26 02:00:00,4408.007,4424.704,4424.704,4344.324,4502.348
2024-06-26 03:00:00,4437.686,4403.508,4403.508,4322.834,4488.82
2024-06-26 04:00:00,4403.278,4367.263,4367.263,4289.864,4440.071
2024-06-26 05:00:00,4366.476,4353.969,4353.969,4276.654,4441.772
2024-06-26 06:00:00,4481.376,4454.712,4454.712,4372.851,4535.144
2024-06-26 07:00:00,4630.765,4558.598,4558.598,4475.274,4645.902
2024-06-26 08:00:00,4685.018,4678.947,4678.947,4588.625,4773.841
2024-06-26 09:00:00,4873.497,4905.162,4905.162,4807.792,5006.088
2024-06-26 10:00:00,4966.032,5098.926,5098.926,4990.668,5200.49
2024-06-26 11:00:00,5082.61,5164.622,5164.622,5066.317,5267.547
2024-06-26 12:00:00,5003.491,5135.114,5135.114,5027.112,5240.594
2024-06-26 13:00:00,4965.395,5086.466,5086.466,4974.691,5197.759
2024-06-26 14:00:00,4948.57,5091.362,5091.362,4977.594,5201.136
2024-06-26 15:00:00,4955.5,5113.782,5113.782,4999.392,5229.259
2024-06-26 16:00:00,4967.553,5132.111,5132.111,5013.589,5252.326
2024-06-26 17:00:00,4954.184,5012.032,5012.032,4893.924,5127.914
2024-06-26 18:00:00,4827.753,4905.723,4905.723,4788.671,5021.226
2024-06-26 19:00:00,4879.85,4911.694,4911.694,4808.525,5014.474
2024-06-26 20:00:00,4875.566,4908.366,4908.366,4805.922,5012.448
2024-06-26 21:00:00,4851.333,4923.022,4923.022,4817.63,5024.194
2024-06-26 22:00:00,4857.538,4804.316,4804.316,4707.119,4906.66
2024-06-26 23:00:00,4613.059,4623.574,4623.574,4531.12,4721.144
2024-06-27 00:00:00,4467.149,4501.908,4501.908,4408.888,4601.628
2024-06-27 01:00:00,4316.631,4406.917,4406.917,4317.302,4504.522
2024-06-27 02:00:00,4274.263,4370.263,4370.263,4284.732,4464.19
2024-06-27 03:00:00,4294.81,4366.018,4366.018,4283.294,4465.702
2024-06-27 04:00:00,4253.698,4352.272,4352.272,4270.018,4442.202
2024-06-27 05:00:00,4185.053,4364.488,4364.488,4279.228,4454.506
2024-06-27 06:00:00,4335.933,4455.124,4455.124,4358.608,4556.614
2024-06-27 07:00:00,4442.748,4551.392,4551.392,4457.15,4648.017
2024-06-27 08:00:00,4604.287,4650.029,4650.029,4543.67,4753.428
2024-06-27 09:00:00,4908.207,4887.28,4887.28,4777.83,5004.0
2024-06-27 10:00:00,5158.04,5097.936,5097.936,4970.482,5225.902
2024-06-27 11:00:00,5242.303,5165.449,5165.449,5040.506,5286.204
2024-06-27 12:00:00,5229.647,5141.562,5141.562,5007.398,5274.117
2024-06-27 13:00:00,5169.57,5084.589,5084.589,4943.79,5224.238
2024-06-27 14:00:00,5193.94,5084.768,5084.768,4946.926,5220.236
2024-06-27 15:00:00,5270.712,5114.189,5114.189,4983.187,5248.424
2024-06-27 16:00:00,5243.313,5152.015,5152.015,5025.985,5287.966
2024-06-27 17:00:00,5114.605,5066.834,5066.834,4941.885,5201.292
2024-06-27 18:00:00,5032.98,4995.31,4995.31,4871.104,5116.35
2024-06-27 19:00:00,5017.395,4979.822,4979.822,4858.773,5097.274
2024-06-27 20:00:00,5005.698,4963.36,4963.36,4850.866,5087.048
2024-06-27 21:00:00,5079.989,4978.386,4978.386,4860.525,5096.68
2024-06-27 22:00:00,4989.824,4866.493,4866.493,4747.918,4983.199
2024-06-27 23:00:00,4760.395,4686.566,4686.566,4570.094,4799.375
2024-06-28 00:00:00,4605.357,4568.455,4568.455,4466.854,4683.398
2024-06-28 01:00:00,4518.538,4470.968,4470.968,4370.396,4581.267
2024-06-28 02:00:00,4488.107,4420.968,4420.968,4323.766,4520.995
2024-06-28 03:00:00,4471.374,4389.778,4389.778,4292.244,4495.616
2024-06-28 04:00:00,4404.375,4367.653,4367.653,4275.497,4457.928
2024-06-28 05:00:00,4419.98,4371.24,4371.24,4273.852,4479.552
2024-06-28 06:00:00,4498.054,4478.608,4478.608,4372.833,4588.1
2024-06-28 07:00:00,4570.684,4593.84,4593.84,4483.719,4704.184
2024-06-28 08:00:00,4701.638,4675.304,4675.304,4552.19,4817.803
2024-06-28 09:00:00,4943.78,4868.674,4868.674,4725.428,5011.904
2024-06-28 10:00:00,5192.695,5046.846,5046.846,4899.858,5186.344
2024-06-28 11:00:00,5278.511,5114.842,5114.842,4965.974,5263.912
2024-06-28 12:00:00,5201.552,5088.994,5088.994,4939.26,5233.436
2024-06-28 13:00:00,5171.402,5035.002,5035.002,4880.734,5180.963
2024-06-28 14:00:00,5159.466,5053.498,5053.498,4905.858,5192.845
2024-06-28 15:00:00,5089.059,5082.649,5082.649,4943.058,5221.114
2024-06-28 16:00:00,5274.614,5097.088,5097.088,4957.13,5234.507
2024-06-28 17:00:00,5143.387,5030.864,5030.864,4892.136,5154.946
2024-06-28 18:00:00,5001.275,4918.656,4918.656,4793.386,5045.911
2024-06-28 19:00:00,4928.537,4880.495,4880.495,4761.686,4999.74
2024-06-28 20:00:00,4989.495,4873.992,4873.992,4756.982,4998.354
2024-06-28 21:00:00,5003.861,4881.545,4881.545,4760.122,5002.52
2024-06-28 22:00:00,4480.834,4764.548,4764.548,4649.436,4884.514
2024-06-28 23:00:00,4651.315,4596.014,4596.014,4488.653,4711.08
2024-06-29 00:00:00,4561.588,4486.521,4486.521,4378.886,4606.212
2024-06-29 01:00:00,4568.87,4385.762,4385.762,4285.094,4495.33
2024-06-29 02:00:00,4382.694,4332.426,4332.426,4242.116,4433.523
2024-06-29 03:00:00,4308.824,4314.138,4314.138,4226.255,4396.953
2024-06-29 04:00:00,4382.316,4301.323,4301.323,4216.426,4396.364
2024-06-29 05:00:00,4361.723,4323.251,4323.251,4238.003,4410.11
2024-06-29 06:00:00,4371.959,4406.427,4406.427,4307.159,4509.516
2024-06-29 07:00:00,4415.482,4484.815,4484.815,4379.832,4592.728
2024-06-29 08:00:00,4498.426,4575.075,4575.075,4464.898,4694.25
2024-06-29 09:00:00,4771.965,4836.052,4836.052,4712.16,4967.9
2024-06-29 10:00:00,5028.619,5061.894,5061.894,4910.927,5211.718
2024-06-29 11:00:00,5097.266,5140.507,5140.507,4998.276,5282.741
2024-06-29 12:00:00,5095.285,5118.146,5118.146,4962.396,5268.023
2024-06-29 13:00:00,5039.194,5048.414,5048.414,4892.276,5201.648
2024-06-29 14:00:00,5027.821,5035.522,5035.522,4887.954,5181.038
2024-06-29 15:00:00,5075.711,5058.84,5058.84,4918.803,5205.265
2024-06-29 16:00:00,5063.324,5103.58,5103.58,4942.684,5256.386
2024-06-29 17:00:00,4916.792,5016.036,5016.036,4865.672,5163.232
2024-06-29 18:00:00,4883.385,4937.482,4937.482,4803.988,5070.158
2024-06-29 19:00:00,4847.351,4911.292,4911.292,4782.07,5037.19
2024-06-29 20:00:00,4946.759,4901.952,4901.952,4777.411,5034.7
2024-06-29 21:00:00,4916.24,4917.548,4917.548,4789.377,5039.016
2024-06-29 22:00:00,4874.134,4806.448,4806.448,4681.575,4928.428
2024-06-29 23:00:00,4692.414,4628.04,4628.04,4513.614,4738.604
2024-06-30 00:00:00,4585.466,4529.747,4529.747,4420.557,4646.656
2024-06-30 01:00:00,4428.512,4442.322,4442.322,4340.554,4554.886
2024-06-30 02:00:00,4432.432,4392.7,4392.7,4292.119,4492.881
2024-06-30 03:00:00,4373.638,4370.724,4370.724,4269.612,4482.898
2024-06-30 04:00:00,4387.429,4357.698,4357.698,4259.66,4452.678
2024-06-30 05:00:00,4411.853,4359.98,4359.98,4257.784,4473.323
2024-06-30 06:00:00,4438.055,4453.038,4453.038,4342.216,4569.113
2024-06-30 07:00:00,4495.772,4533.822,4533.822,4415.798,4650.264
2024-06-30 08:00:00,4615.698,4614.15,4614.15,4483.8,4760.053
2024-06-30 09:00:00,4863.62,4822.958,4822.958,4665.592,4976.684
2024-06-30 10:00:00,5054.759,5018.248,5018.248,4842.266,5173.301
2024-06-30 11:00:00,5088.235,5085.247,5085.247,4903.274,5256.116
2024-06-30 12:00:00,5072.364,5053.21,5053.21,4863.492,5219.438
2024-06-30 13:00:00,5024.761,4985.53,4985.53,4797.516,5158.644
2024-06-30 14:00:00,5017.354,4990.032,4990.032,4800.234,5163.742
2024-06-30 15:00:00,5020.614,5024.651,5024.651,4847.642,5188.586
2024-06-30 16:00:00,5152.948,5040.559,5040.559,4864.519,5202.508
2024-06-30 17:00:00,5044.049,4982.518,4982.518,4819.846,5136.078
2024-06-30 18:00:00,4977.847,4894.96,4894.96,4739.81,5047.124
2024-06-30 19:00:00,4911.871,4856.196,4856.196,4712.062,4998.755
2024-06-30 20:00:00,4956.906,4851.444,4851.444,4709.507,5000.834
2024-06-30 21:00:00,4853.934,4860.301,4860.301,4714.366,5004.452
2024-06-30 22:00:00,4709.824,4751.776,4751.776,4609.523,4897.156
2024-06-30 23:00:00,4522.834,4574.478,4574.478,4447.756,4711.634
2024-07-01 00:00:00,4481.612,4462.266,4462.266,4337.356,4602.926
2024-07-01 01:00:00,4333.051,4370.1,4370.1,4253.107,4495.384
2024-07-01 02:00:00,4289.671,4331.949,4331.949,4223.098,4450.382
2024-07-01 03:00:00,4292.837,4318.991,4318.991,4214.482,4423.254
2024-07-01 04:00:00,4310.783,4300.498,4300.498,4201.308,4408.086
2024-07-01 05:00:00,4272.299,4314.453,4314.453,4215.014,4411.874
2024-07-01 06:00:00,4294.284,4398.37,4398.37,4283.99,4512.06
2024-07-01 07:00:00,4469.881,4489.418,4489.418,4367.872,4606.526
2024-07-01 08:00:00,4558.1,4588.184,4588.184,4455.446,4718.964
2024-07-01 09:00:00,4801.478,4817.902,4817.902,4664.984,4966.412
2024-07-01 10:00:00,4984.197,5028.934,5028.934,4847.918,5200.843
2024-07-01 11:00:00,5068.807,5107.259,5107.259,4931.841,5280.069
2024-07-01 12:00:00,5071.108,5083.364,5083.364,4896.481,5266.516
2024-07-01 13:00:00,4950.041,5018.695,5018.695,4825.094,5202.714
2024-07-01 14:00:00,4950.112,5007.544,5007.544,4816.519,5191.47
2024-07-01 15:00:00,4991.861,5016.058,5016.058,4814.566,5203.33
2024-07-01 16:00:00,5067.646,5050.103,5050.103,4840.74,5243.118
2024-07-01 17:00:00,4961.333,4977.371,4977.371,4783.32,5158.416
2024-07-01 18:00:00,4866.94,4891.26,4891.26,4720.204,5057.894
2024-07-01 19:00:00,4822.992,4876.873,4876.873,4714.138,5030.26
2024-07-01 20:00:00,4869.765,4881.322,4881.322,4726.794,5032.702
2024-07-01 21:00:00,4904.543,4882.239,4882.239,4725.687,5024.897
2024-07-01 22:00:00,4778.358,4740.339,4740.339,4581.928,4880.05
2024-07-01 23:00:00,4578.698,4554.558,4554.558,4428.478,4681.782
2024-07-02 00:00:00,4486.704,4433.932,4433.932,4308.349,4550.081
2024-07-02 01:00:00,4372.245,4360.113,4360.113,4246.434,4474.043
2024-07-02 02:00:00,4316.462,4318.7,4318.7,4211.133,4426.871
2024-07-02 03:00:00,4302.969,4297.68,4297.68,4191.945,4408.684
2024-07-02 04:00:00,4261.899,4281.166,4281.166,4181.453,4386.84
2024-07-02 05:00:00,4262.273,4280.586,4280.586,4176.889,4391.316
2024-07-02 06:00:00,4366.36,4368.203,4368.203,4254.99,4488.621
2024-07-02 07:00:00,4567.961,4489.648,4489.648,4362.989,4609.62
2024-07-02 08:00:00,4726.789,4587.448,4587.448,4461.124,4718.708
2024-07-02 09:00:00,4931.079,4828.144,4828.144,4676.598,4975.482
2024-07-02 10:00:00,5185.58,5034.228,5034.228,4871.57,5181.82
2024-07-02 11:00:00,5217.997,5102.102,5102.102,4938.424,5260.861
2024-07-02 12:00:00,5218.459,5084.749,5084.749,4916.847,5240.824
2024-07-02 13:00:00,5116.096,5025.494,5025.494,4855.336,5185.293
2024-07-02 14:00:00,5108.53,5027.464,5027.464,4856.28,5186.07
2024-07-02 15:00:00,5142.34,5061.976,5061.976,4901.28,5216.604
2024-07-02 16:00:00,5189.006,5078.122,5078.122,4912.132,5237.412
2024-07-02 17:00:00,5086.65,5018.932,5018.932,4858.81,5163.954
2024-07-02 18:00:00,5066.882,4920.054,4920.054,4770.929,5068.868
2024-07-02 19:00:00,4960.254,4893.797,4893.797,4753.348,5033.264
2024-07-02 20:00:00,4998.139,4893.226,4893.226,4752.109,5036.664
2024-07-02 21:00:00,5006.961,4904.048,4904.048,4758.615,5048.605
2024-07-02 22:00:00,4900.227,4780.76,4780.76,4641.236,4922.27
2024-07-02 23:00:00,4660.155,4605.721,4605.721,4480.31,4733.968
2024-07-03 00:00:00,4614.246,4488.262,4488.262,4370.676,4620.601
2024-07-03 01:00:00,4486.489,4392.98,4392.98,4280.376,4513.153
2024-07-03 02:00:00,4457.548,4344.056,4344.056,4240.283,4456.99
2024-07-03 03:00:00,4416.703,4329.146,4329.146,4226.96,4426.556
2024-07-03 04:00:00,4388.861,4310.354,4310.354,4213.866,4414.968
2024-07-03 05:00:00,4345.723,4321.81,4321.81,4226.445,4420.442
2024-07-03 06:00:00,4481.933,4423.556,4423.556,4311.676,4539.506
2024-07-03 07:00:00,4636.75,4523.216,4523.216,4406.826,4638.773
2024-07-03 08:00:00,4681.242,4622.538,4622.538,4494.776,4750.604
2024-07-03 09:00:00,4940.806,4843.378,4843.378,4705.218,4989.984
2024-07-03 10:00:00,5101.447,5051.032,5051.032,4877.76,5219.719
2024-07-03 11:00:00,5259.783,5123.147,5123.147,4956.882,5289.98
2024-07-03 12:00:00,5160.845,5098.79,5098.79,4918.356,5275.41
2024-07-03 13:00:00,5107.704,5043.24,5043.24,4854.132,5223.388
2024-07-03 14:00:00,5140.891,5046.548,5046.548,4865.76,5224.56
2024-07-03 15:00:00,5095.5,5079.464,5079.464,4894.104,5257.978
2024-07-03 16:00:00,5151.47,5102.142,5102.142,4905.502,5291.626
2024-07-03 17:00:00,5085.56,5027.09,5027.09,4838.133,5207.547
2024-07-03 18:00:00,4988.634,4950.14,4950.14,4779.122,5110.956
2024-07-03 19:00:00,4981.21,4939.766,4939.766,4774.912,5099.566
2024-07-03 20:00:00,4982.098,4938.218,4938.218,4776.384,5094.97
2024-07-03 21:00:00,4909.304,4947.7,4947.7,4783.509,5100.88
2024-07-03 22:00:00,4831.061,4826.39,4826.39,4668.357,4972.986
2024-07-03 23:00:00,4625.801,4632.843,4632.843,4497.406,4769.007
2024-07-04 00:00:00,4490.858,4528.374,4528.374,4397.462,4666.556
2024-07-04 01:00:00,4393.143,4447.154,4447.154,4327.69,4581.494
2024-07-04 02:00:00,4371.505,4384.962,4384.962,4272.4,4499.439
2024-07-04 03:00:00,4334.271,4355.013,4355.013,4247.658,4476.494
2024-07-04 04:00:00,4348.989,4330.925,4330.925,4231.361,4440.514
2024-07-04 05:00:00,4296.483,4330.916,4330.916,4226.459,4455.158
2024-07-04 06:00:00,4398.871,4424.625,4424.625,4310.949,4547.658
2024-07-04 07:00:00,4520.379,4522.836,4522.836,4395.114,4648.115
2024-07-04 08:00:00,4610.068,4636.702,4636.702,4498.092,4789.828
2024-07-04 09:00:00,4814.432,4868.854,4868.854,4698.59,5032.309
2024-07-04 10:00:00,5239.04,5071.514,5071.514,4885.973,5244.768
2024-07-04 11:00:00,5151.302,5131.414,5131.414,4937.043,5315.924
2024-07-04 12:00:00,5190.671,5112.586,5112.586,4906.912,5298.709
2024-07-04 13:00:00,5168.155,5054.836,5054.836,4845.182,5252.275
2024-07-04 14:00:00,5177.038,5049.639,5049.639,4836.562,5245.976
2024-07-04 15:00:00,5148.308,5071.842,5071.842,4869.694,5260.886
2024-07-04 16:00:00,5180.929,5082.556,5082.556,4875.538,5275.656
2024-07-04 17:00:00,4988.231,5016.203,5016.203,4817.093,5198.99
2024-07-04 18:00:00,4874.631,4923.468,4923.468,4730.722,5108.704
2024-07-04 19:00:00,4882.694,4888.12,4888.12,4699.82,5063.726
2024-07-04 20:00:00,4880.476,4871.304,4871.304,4682.882,5057.255
2024-07-04 21:00:00,4902.276,4880.692,4880.692,4688.668,5066.698
2024-07-04 22:00:00,4760.789,4761.821,4761.821,4582.637,4944.365
2024-07-04 23:00:00,4550.389,4583.76,4583.76,4433.11,4746.44
